<wpml-config>
  <custom-types>
    <custom-type translate="1">mr_meta_box_gallery</custom-type>
    <custom-type translate="1">project</custom-type>
    <custom-type translate="1">slide</custom-type>
    <custom-type translate="1">testimonial</custom-type>
  </custom-types>
  <taxonomies>
    <taxonomy translate="1">skill</taxonomy>
  </taxonomies>
  <admin-texts>
    <key name="hayden">
      <key name="ttrust_recent_projects_title"/>
      <key name="ttrust_recent_projects_description"/>
      <key name="ttrust_testimonials_title"/>
      <key name="ttrust_testimonials_description"/>
      <key name="ttrust_featured_pages_title"/>
      <key name="ttrust_featured_pages_description"/>
      <key name="ttrust_recent_posts_title"/>
      <key name="ttrust_recent_posts_description"/>
      <key name="ttrust_blog_page"/>
      <key name="ttrust_footer_left"/>
      <key name="ttrust_footer_right"/>
    </key>
  </admin-texts>
</wpml-config>